{
  "final_return_ma": -144.31781005859375,
  "strength": 55.682186126708984,
  "max_strength": 81.59375,
  "final_strength": 57.9375,
  "sample_efficiency": 3.1820692925066396e-07,
  "training_efficiency": 1.6971386003206135e-06,
  "stability": 0.9384162575006485
}