{
  "final_return_ma": -108.6640625,
  "strength": 91.3359375,
  "max_strength": 104.03125,
  "final_strength": 98.28125,
  "sample_efficiency": 3.516844628848048e-07,
  "training_efficiency": 1.8757260704660439e-06,
  "stability": 0.9754193611443043
}