{
  "final_return_ma": -122.31531524658203,
  "strength": 77.68468475341797,
  "max_strength": 102.71875,
  "final_strength": 96.5625,
  "sample_efficiency": 3.1613811302122485e-07,
  "training_efficiency": 1.6861242784216302e-06,
  "stability": 0.960216049104929
}