{
  "final_return_ma": -117.07875061035156,
  "strength": 82.92124938964844,
  "max_strength": 103.5,
  "final_strength": 78.0,
  "sample_efficiency": 2.437995760828926e-07,
  "training_efficiency": 1.3002803598283208e-06,
  "stability": 0.9676509983837605
}